,Louvain,Greedy,FluidC,Girvan-Newman
Louvain,1.0,0.9631554631554632,0.4283241686706389,0.9676250126861236
Greedy,0.9631554631554632,1.0,0.41855193223765835,0.9676250126861236
FluidC,0.4283241686706389,0.41855193223765835,1.0,0.4193916584402764
Girvan-Newman,0.9676250126861236,0.9676250126861236,0.4193916584402764,1.0
