,Louvain,Greedy,FluidC,Girvan-Newman
Louvain,1.0,0.9432561310101324,0.6916339846692792,0.9382016856753159
Greedy,0.9432561310101322,1.0,0.6659557091405554,0.9382016856753157
FluidC,0.6916339846692792,0.6659557091405555,1.0,0.6668611337349968
Girvan-Newman,0.9382016856753157,0.9382016856753159,0.6668611337349968,1.0
